nom_aromate,chemin_image
thym commun,dataset_aromatic_duckduckgo/thym_commun/thym_commun_0001.jpg
thym commun,dataset_aromatic_duckduckgo/thym_commun/thym_commun_0002.jpg
thym commun,dataset_aromatic_duckduckgo/thym_commun/thym_commun_0003.jpg
thym commun,dataset_aromatic_duckduckgo/thym_commun/thym_commun_0004.jpg
thym commun,dataset_aromatic_duckduckgo/thym_commun/thym_commun_0005.jpg
thym commun,dataset_aromatic_duckduckgo/thym_commun/thym_commun_0007.jpg
thym commun,dataset_aromatic_duckduckgo/thym_commun/thym_commun_0008.jpg
thym commun,dataset_aromatic_duckduckgo/thym_commun/thym_commun_0009.jpg
thym commun,dataset_aromatic_duckduckgo/thym_commun/thym_commun_0010.jpg
thym commun,dataset_aromatic_duckduckgo/thym_commun/thym_commun_0011.jpg
thym commun,dataset_aromatic_duckduckgo/thym_commun/thym_commun_0012.jpg
thym commun,dataset_aromatic_duckduckgo/thym_commun/thym_commun_0013.jpg
thym commun,dataset_aromatic_duckduckgo/thym_commun/thym_commun_0014.jpg
thym commun,dataset_aromatic_duckduckgo/thym_commun/thym_commun_0015.jpg
thym commun,dataset_aromatic_duckduckgo/thym_commun/thym_commun_0016.jpg
thym commun,dataset_aromatic_duckduckgo/thym_commun/thym_commun_0017.jpg
thym commun,dataset_aromatic_duckduckgo/thym_commun/thym_commun_0018.jpg
thym commun,dataset_aromatic_duckduckgo/thym_commun/thym_commun_0019.jpg
thym commun,dataset_aromatic_duckduckgo/thym_commun/thym_commun_0020.jpg
thym commun,dataset_aromatic_duckduckgo/thym_commun/thym_commun_0021.jpg
thym commun,dataset_aromatic_duckduckgo/thym_commun/thym_commun_0022.jpg
thym commun,dataset_aromatic_duckduckgo/thym_commun/thym_commun_0023.jpg
thym commun,dataset_aromatic_duckduckgo/thym_commun/thym_commun_0024.jpg
thym commun,dataset_aromatic_duckduckgo/thym_commun/thym_commun_0025.jpg
thym commun,dataset_aromatic_duckduckgo/thym_commun/thym_commun_0026.jpg
thym commun,dataset_aromatic_duckduckgo/thym_commun/thym_commun_0027.jpg
thym commun,dataset_aromatic_duckduckgo/thym_commun/thym_commun_0028.jpg
thym commun,dataset_aromatic_duckduckgo/thym_commun/thym_commun_0029.jpg
thym commun,dataset_aromatic_duckduckgo/thym_commun/thym_commun_0030.jpg
thym commun,dataset_aromatic_duckduckgo/thym_commun/thym_commun_0031.jpg
thym commun,dataset_aromatic_duckduckgo/thym_commun/thym_commun_0032.jpg
thym commun,dataset_aromatic_duckduckgo/thym_commun/thym_commun_0033.jpg
thym commun,dataset_aromatic_duckduckgo/thym_commun/thym_commun_0034.jpg
thym commun,dataset_aromatic_duckduckgo/thym_commun/thym_commun_0035.jpg
thym commun,dataset_aromatic_duckduckgo/thym_commun/thym_commun_0036.jpg
thym commun,dataset_aromatic_duckduckgo/thym_commun/thym_commun_0037.jpg
thym commun,dataset_aromatic_duckduckgo/thym_commun/thym_commun_0038.jpg
thym commun,dataset_aromatic_duckduckgo/thym_commun/thym_commun_0039.jpg
thym commun,dataset_aromatic_duckduckgo/thym_commun/thym_commun_0040.jpg
thym commun,dataset_aromatic_duckduckgo/thym_commun/thym_commun_0041.jpg
thym commun,dataset_aromatic_duckduckgo/thym_commun/thym_commun_0042.jpg
thym commun,dataset_aromatic_duckduckgo/thym_commun/thym_commun_0043.jpg
thym commun,dataset_aromatic_duckduckgo/thym_commun/thym_commun_0044.jpg
thym commun,dataset_aromatic_duckduckgo/thym_commun/thym_commun_0045.jpg
thym commun,dataset_aromatic_duckduckgo/thym_commun/thym_commun_0046.jpg
thym commun,dataset_aromatic_duckduckgo/thym_commun/thym_commun_0047.jpg
thym commun,dataset_aromatic_duckduckgo/thym_commun/thym_commun_0048.jpg
thym commun,dataset_aromatic_duckduckgo/thym_commun/thym_commun_0049.jpg
thym commun,dataset_aromatic_duckduckgo/thym_commun/thym_commun_0051.jpg
thym commun,dataset_aromatic_duckduckgo/thym_commun/thym_commun_0052.jpg
thym commun,dataset_aromatic_duckduckgo/thym_commun/thym_commun_0053.jpg
thym commun,dataset_aromatic_duckduckgo/thym_commun/thym_commun_0055.jpg
thym commun,dataset_aromatic_duckduckgo/thym_commun/thym_commun_0056.jpg
thym commun,dataset_aromatic_duckduckgo/thym_commun/thym_commun_0057.jpg
thym commun,dataset_aromatic_duckduckgo/thym_commun/thym_commun_0058.jpg
thym commun,dataset_aromatic_duckduckgo/thym_commun/thym_commun_0059.jpg
thym commun,dataset_aromatic_duckduckgo/thym_commun/thym_commun_0060.jpg
thym commun,dataset_aromatic_duckduckgo/thym_commun/thym_commun_0061.jpg
thym commun,dataset_aromatic_duckduckgo/thym_commun/thym_commun_0062.jpg
thym commun,dataset_aromatic_duckduckgo/thym_commun/thym_commun_0063.jpg
thym commun,dataset_aromatic_duckduckgo/thym_commun/thym_commun_0064.jpg
thym commun,dataset_aromatic_duckduckgo/thym_commun/thym_commun_0065.jpg
thym commun,dataset_aromatic_duckduckgo/thym_commun/thym_commun_0066.jpg
thym commun,dataset_aromatic_duckduckgo/thym_commun/thym_commun_0067.jpg
thym commun,dataset_aromatic_duckduckgo/thym_commun/thym_commun_0069.jpg
thym commun,dataset_aromatic_duckduckgo/thym_commun/thym_commun_0070.jpg
thym commun,dataset_aromatic_duckduckgo/thym_commun/thym_commun_0071.jpg
thym commun,dataset_aromatic_duckduckgo/thym_commun/thym_commun_0072.jpg
thym commun,dataset_aromatic_duckduckgo/thym_commun/thym_commun_0073.jpg
thym commun,dataset_aromatic_duckduckgo/thym_commun/thym_commun_0074.jpg
thym commun,dataset_aromatic_duckduckgo/thym_commun/thym_commun_0075.jpg
thym commun,dataset_aromatic_duckduckgo/thym_commun/thym_commun_0076.jpg
thym commun,dataset_aromatic_duckduckgo/thym_commun/thym_commun_0077.jpg
thym commun,dataset_aromatic_duckduckgo/thym_commun/thym_commun_0078.jpg
thym commun,dataset_aromatic_duckduckgo/thym_commun/thym_commun_0079.jpg
thym commun,dataset_aromatic_duckduckgo/thym_commun/thym_commun_0080.jpg
thym commun,dataset_aromatic_duckduckgo/thym_commun/thym_commun_0081.jpg
thym commun,dataset_aromatic_duckduckgo/thym_commun/thym_commun_0082.jpg
thym commun,dataset_aromatic_duckduckgo/thym_commun/thym_commun_0083.jpg
thym commun,dataset_aromatic_duckduckgo/thym_commun/thym_commun_0084.jpg
thym commun,dataset_aromatic_duckduckgo/thym_commun/thym_commun_0085.jpg
thym commun,dataset_aromatic_duckduckgo/thym_commun/thym_commun_0086.jpg
thym commun,dataset_aromatic_duckduckgo/thym_commun/thym_commun_0087.jpg
thym commun,dataset_aromatic_duckduckgo/thym_commun/thym_commun_0088.jpg
thym commun,dataset_aromatic_duckduckgo/thym_commun/thym_commun_0089.jpg
thym commun,dataset_aromatic_duckduckgo/thym_commun/thym_commun_0090.jpg
thym commun,dataset_aromatic_duckduckgo/thym_commun/thym_commun_0091.jpg
menthe verte,dataset_aromatic_duckduckgo/menthe_verte/menthe_verte_0001.jpg
menthe verte,dataset_aromatic_duckduckgo/menthe_verte/menthe_verte_0002.jpg
menthe verte,dataset_aromatic_duckduckgo/menthe_verte/menthe_verte_0003.jpg
menthe verte,dataset_aromatic_duckduckgo/menthe_verte/menthe_verte_0004.jpg
menthe verte,dataset_aromatic_duckduckgo/menthe_verte/menthe_verte_0005.jpg
menthe verte,dataset_aromatic_duckduckgo/menthe_verte/menthe_verte_0006.jpg
menthe verte,dataset_aromatic_duckduckgo/menthe_verte/menthe_verte_0007.jpg
menthe verte,dataset_aromatic_duckduckgo/menthe_verte/menthe_verte_0008.jpg
menthe verte,dataset_aromatic_duckduckgo/menthe_verte/menthe_verte_0009.jpg
menthe verte,dataset_aromatic_duckduckgo/menthe_verte/menthe_verte_0010.jpg
menthe verte,dataset_aromatic_duckduckgo/menthe_verte/menthe_verte_0011.jpg
menthe verte,dataset_aromatic_duckduckgo/menthe_verte/menthe_verte_0012.jpg
menthe verte,dataset_aromatic_duckduckgo/menthe_verte/menthe_verte_0013.jpg
menthe verte,dataset_aromatic_duckduckgo/menthe_verte/menthe_verte_0014.jpg
menthe verte,dataset_aromatic_duckduckgo/menthe_verte/menthe_verte_0015.jpg
menthe verte,dataset_aromatic_duckduckgo/menthe_verte/menthe_verte_0016.jpg
menthe verte,dataset_aromatic_duckduckgo/menthe_verte/menthe_verte_0017.jpg
menthe verte,dataset_aromatic_duckduckgo/menthe_verte/menthe_verte_0018.jpg
menthe verte,dataset_aromatic_duckduckgo/menthe_verte/menthe_verte_0019.jpg
menthe verte,dataset_aromatic_duckduckgo/menthe_verte/menthe_verte_0020.jpg
menthe verte,dataset_aromatic_duckduckgo/menthe_verte/menthe_verte_0021.jpg
menthe verte,dataset_aromatic_duckduckgo/menthe_verte/menthe_verte_0022.jpg
menthe verte,dataset_aromatic_duckduckgo/menthe_verte/menthe_verte_0023.jpg
menthe verte,dataset_aromatic_duckduckgo/menthe_verte/menthe_verte_0024.jpg
menthe verte,dataset_aromatic_duckduckgo/menthe_verte/menthe_verte_0025.jpg
menthe verte,dataset_aromatic_duckduckgo/menthe_verte/menthe_verte_0027.jpg
menthe verte,dataset_aromatic_duckduckgo/menthe_verte/menthe_verte_0028.jpg
menthe verte,dataset_aromatic_duckduckgo/menthe_verte/menthe_verte_0029.jpg
menthe verte,dataset_aromatic_duckduckgo/menthe_verte/menthe_verte_0030.jpg
menthe verte,dataset_aromatic_duckduckgo/menthe_verte/menthe_verte_0031.jpg
menthe verte,dataset_aromatic_duckduckgo/menthe_verte/menthe_verte_0032.jpg
menthe verte,dataset_aromatic_duckduckgo/menthe_verte/menthe_verte_0033.jpg
menthe verte,dataset_aromatic_duckduckgo/menthe_verte/menthe_verte_0034.jpg
menthe verte,dataset_aromatic_duckduckgo/menthe_verte/menthe_verte_0035.jpg
menthe verte,dataset_aromatic_duckduckgo/menthe_verte/menthe_verte_0036.jpg
menthe verte,dataset_aromatic_duckduckgo/menthe_verte/menthe_verte_0037.jpg
menthe verte,dataset_aromatic_duckduckgo/menthe_verte/menthe_verte_0038.jpg
menthe verte,dataset_aromatic_duckduckgo/menthe_verte/menthe_verte_0039.jpg
menthe verte,dataset_aromatic_duckduckgo/menthe_verte/menthe_verte_0040.jpg
menthe verte,dataset_aromatic_duckduckgo/menthe_verte/menthe_verte_0041.jpg
menthe verte,dataset_aromatic_duckduckgo/menthe_verte/menthe_verte_0042.jpg
menthe verte,dataset_aromatic_duckduckgo/menthe_verte/menthe_verte_0044.jpg
menthe verte,dataset_aromatic_duckduckgo/menthe_verte/menthe_verte_0045.jpg
menthe verte,dataset_aromatic_duckduckgo/menthe_verte/menthe_verte_0046.jpg
menthe verte,dataset_aromatic_duckduckgo/menthe_verte/menthe_verte_0047.jpg
menthe verte,dataset_aromatic_duckduckgo/menthe_verte/menthe_verte_0048.jpg
menthe verte,dataset_aromatic_duckduckgo/menthe_verte/menthe_verte_0049.jpg
menthe verte,dataset_aromatic_duckduckgo/menthe_verte/menthe_verte_0050.jpg
menthe verte,dataset_aromatic_duckduckgo/menthe_verte/menthe_verte_0051.jpg
menthe verte,dataset_aromatic_duckduckgo/menthe_verte/menthe_verte_0052.jpg
menthe verte,dataset_aromatic_duckduckgo/menthe_verte/menthe_verte_0053.jpg
menthe verte,dataset_aromatic_duckduckgo/menthe_verte/menthe_verte_0054.jpg
menthe verte,dataset_aromatic_duckduckgo/menthe_verte/menthe_verte_0055.jpg
menthe verte,dataset_aromatic_duckduckgo/menthe_verte/menthe_verte_0056.jpg
menthe verte,dataset_aromatic_duckduckgo/menthe_verte/menthe_verte_0057.jpg
menthe verte,dataset_aromatic_duckduckgo/menthe_verte/menthe_verte_0058.jpg
menthe verte,dataset_aromatic_duckduckgo/menthe_verte/menthe_verte_0059.jpg
menthe verte,dataset_aromatic_duckduckgo/menthe_verte/menthe_verte_0060.jpg
menthe verte,dataset_aromatic_duckduckgo/menthe_verte/menthe_verte_0061.jpg
menthe verte,dataset_aromatic_duckduckgo/menthe_verte/menthe_verte_0062.jpg
menthe verte,dataset_aromatic_duckduckgo/menthe_verte/menthe_verte_0063.jpg
menthe verte,dataset_aromatic_duckduckgo/menthe_verte/menthe_verte_0064.jpg
menthe verte,dataset_aromatic_duckduckgo/menthe_verte/menthe_verte_0065.jpg
menthe verte,dataset_aromatic_duckduckgo/menthe_verte/menthe_verte_0066.jpg
menthe verte,dataset_aromatic_duckduckgo/menthe_verte/menthe_verte_0067.jpg
menthe verte,dataset_aromatic_duckduckgo/menthe_verte/menthe_verte_0068.jpg
menthe verte,dataset_aromatic_duckduckgo/menthe_verte/menthe_verte_0069.jpg
menthe verte,dataset_aromatic_duckduckgo/menthe_verte/menthe_verte_0070.jpg
menthe verte,dataset_aromatic_duckduckgo/menthe_verte/menthe_verte_0071.jpg
menthe verte,dataset_aromatic_duckduckgo/menthe_verte/menthe_verte_0072.jpg
menthe verte,dataset_aromatic_duckduckgo/menthe_verte/menthe_verte_0073.jpg
menthe verte,dataset_aromatic_duckduckgo/menthe_verte/menthe_verte_0074.jpg
menthe verte,dataset_aromatic_duckduckgo/menthe_verte/menthe_verte_0075.jpg
menthe verte,dataset_aromatic_duckduckgo/menthe_verte/menthe_verte_0076.jpg
menthe verte,dataset_aromatic_duckduckgo/menthe_verte/menthe_verte_0077.jpg
menthe verte,dataset_aromatic_duckduckgo/menthe_verte/menthe_verte_0078.jpg
menthe verte,dataset_aromatic_duckduckgo/menthe_verte/menthe_verte_0079.jpg
menthe verte,dataset_aromatic_duckduckgo/menthe_verte/menthe_verte_0080.jpg
menthe verte,dataset_aromatic_duckduckgo/menthe_verte/menthe_verte_0081.jpg
menthe verte,dataset_aromatic_duckduckgo/menthe_verte/menthe_verte_0082.jpg
menthe verte,dataset_aromatic_duckduckgo/menthe_verte/menthe_verte_0083.jpg
menthe verte,dataset_aromatic_duckduckgo/menthe_verte/menthe_verte_0084.jpg
menthe verte,dataset_aromatic_duckduckgo/menthe_verte/menthe_verte_0085.jpg
menthe verte,dataset_aromatic_duckduckgo/menthe_verte/menthe_verte_0086.jpg
menthe verte,dataset_aromatic_duckduckgo/menthe_verte/menthe_verte_0087.jpg
menthe verte,dataset_aromatic_duckduckgo/menthe_verte/menthe_verte_0088.jpg
menthe verte,dataset_aromatic_duckduckgo/menthe_verte/menthe_verte_0089.jpg
menthe verte,dataset_aromatic_duckduckgo/menthe_verte/menthe_verte_0090.jpg
menthe verte,dataset_aromatic_duckduckgo/menthe_verte/menthe_verte_0091.jpg
menthe verte,dataset_aromatic_duckduckgo/menthe_verte/menthe_verte_0092.jpg
origan,dataset_aromatic_duckduckgo/origan/origan_0001.jpg
origan,dataset_aromatic_duckduckgo/origan/origan_0002.jpg
origan,dataset_aromatic_duckduckgo/origan/origan_0003.jpg
origan,dataset_aromatic_duckduckgo/origan/origan_0004.jpg
origan,dataset_aromatic_duckduckgo/origan/origan_0005.jpg
origan,dataset_aromatic_duckduckgo/origan/origan_0006.jpg
origan,dataset_aromatic_duckduckgo/origan/origan_0007.jpg
origan,dataset_aromatic_duckduckgo/origan/origan_0008.jpg
origan,dataset_aromatic_duckduckgo/origan/origan_0009.jpg
origan,dataset_aromatic_duckduckgo/origan/origan_0010.jpg
origan,dataset_aromatic_duckduckgo/origan/origan_0011.jpg
origan,dataset_aromatic_duckduckgo/origan/origan_0012.jpg
origan,dataset_aromatic_duckduckgo/origan/origan_0013.jpg
origan,dataset_aromatic_duckduckgo/origan/origan_0014.jpg
origan,dataset_aromatic_duckduckgo/origan/origan_0015.jpg
origan,dataset_aromatic_duckduckgo/origan/origan_0016.jpg
origan,dataset_aromatic_duckduckgo/origan/origan_0018.jpg
origan,dataset_aromatic_duckduckgo/origan/origan_0019.jpg
origan,dataset_aromatic_duckduckgo/origan/origan_0020.jpg
origan,dataset_aromatic_duckduckgo/origan/origan_0021.jpg
origan,dataset_aromatic_duckduckgo/origan/origan_0022.jpg
origan,dataset_aromatic_duckduckgo/origan/origan_0023.jpg
origan,dataset_aromatic_duckduckgo/origan/origan_0024.jpg
origan,dataset_aromatic_duckduckgo/origan/origan_0025.jpg
origan,dataset_aromatic_duckduckgo/origan/origan_0026.jpg
origan,dataset_aromatic_duckduckgo/origan/origan_0027.jpg
origan,dataset_aromatic_duckduckgo/origan/origan_0028.jpg
origan,dataset_aromatic_duckduckgo/origan/origan_0029.jpg
origan,dataset_aromatic_duckduckgo/origan/origan_0030.jpg
origan,dataset_aromatic_duckduckgo/origan/origan_0031.jpg
origan,dataset_aromatic_duckduckgo/origan/origan_0032.jpg
origan,dataset_aromatic_duckduckgo/origan/origan_0033.jpg
origan,dataset_aromatic_duckduckgo/origan/origan_0034.jpg
origan,dataset_aromatic_duckduckgo/origan/origan_0035.jpg
origan,dataset_aromatic_duckduckgo/origan/origan_0036.jpg
origan,dataset_aromatic_duckduckgo/origan/origan_0037.jpg
origan,dataset_aromatic_duckduckgo/origan/origan_0038.jpg
origan,dataset_aromatic_duckduckgo/origan/origan_0039.jpg
origan,dataset_aromatic_duckduckgo/origan/origan_0040.jpg
origan,dataset_aromatic_duckduckgo/origan/origan_0041.jpg
origan,dataset_aromatic_duckduckgo/origan/origan_0042.jpg
origan,dataset_aromatic_duckduckgo/origan/origan_0043.jpg
origan,dataset_aromatic_duckduckgo/origan/origan_0044.jpg
coriandre,dataset_aromatic_duckduckgo/coriandre/coriandre_0001.jpg
coriandre,dataset_aromatic_duckduckgo/coriandre/coriandre_0002.jpg
coriandre,dataset_aromatic_duckduckgo/coriandre/coriandre_0003.jpg
coriandre,dataset_aromatic_duckduckgo/coriandre/coriandre_0004.jpg
coriandre,dataset_aromatic_duckduckgo/coriandre/coriandre_0006.jpg
coriandre,dataset_aromatic_duckduckgo/coriandre/coriandre_0007.jpg
coriandre,dataset_aromatic_duckduckgo/coriandre/coriandre_0008.jpg
coriandre,dataset_aromatic_duckduckgo/coriandre/coriandre_0009.jpg
coriandre,dataset_aromatic_duckduckgo/coriandre/coriandre_0010.jpg
coriandre,dataset_aromatic_duckduckgo/coriandre/coriandre_0011.jpg
coriandre,dataset_aromatic_duckduckgo/coriandre/coriandre_0012.jpg
coriandre,dataset_aromatic_duckduckgo/coriandre/coriandre_0013.jpg
coriandre,dataset_aromatic_duckduckgo/coriandre/coriandre_0014.jpg
coriandre,dataset_aromatic_duckduckgo/coriandre/coriandre_0015.jpg
coriandre,dataset_aromatic_duckduckgo/coriandre/coriandre_0016.jpg
coriandre,dataset_aromatic_duckduckgo/coriandre/coriandre_0017.jpg
coriandre,dataset_aromatic_duckduckgo/coriandre/coriandre_0018.jpg
coriandre,dataset_aromatic_duckduckgo/coriandre/coriandre_0019.jpg
coriandre,dataset_aromatic_duckduckgo/coriandre/coriandre_0020.jpg
coriandre,dataset_aromatic_duckduckgo/coriandre/coriandre_0021.jpg
coriandre,dataset_aromatic_duckduckgo/coriandre/coriandre_0022.jpg
coriandre,dataset_aromatic_duckduckgo/coriandre/coriandre_0023.jpg
coriandre,dataset_aromatic_duckduckgo/coriandre/coriandre_0024.jpg
coriandre,dataset_aromatic_duckduckgo/coriandre/coriandre_0025.jpg
coriandre,dataset_aromatic_duckduckgo/coriandre/coriandre_0026.jpg
coriandre,dataset_aromatic_duckduckgo/coriandre/coriandre_0027.jpg
coriandre,dataset_aromatic_duckduckgo/coriandre/coriandre_0028.jpg
coriandre,dataset_aromatic_duckduckgo/coriandre/coriandre_0029.jpg
coriandre,dataset_aromatic_duckduckgo/coriandre/coriandre_0030.jpg
coriandre,dataset_aromatic_duckduckgo/coriandre/coriandre_0031.jpg
coriandre,dataset_aromatic_duckduckgo/coriandre/coriandre_0032.jpg
coriandre,dataset_aromatic_duckduckgo/coriandre/coriandre_0033.jpg
coriandre,dataset_aromatic_duckduckgo/coriandre/coriandre_0034.jpg
coriandre,dataset_aromatic_duckduckgo/coriandre/coriandre_0035.jpg
coriandre,dataset_aromatic_duckduckgo/coriandre/coriandre_0036.jpg
coriandre,dataset_aromatic_duckduckgo/coriandre/coriandre_0037.jpg
coriandre,dataset_aromatic_duckduckgo/coriandre/coriandre_0038.jpg
coriandre,dataset_aromatic_duckduckgo/coriandre/coriandre_0039.jpg
coriandre,dataset_aromatic_duckduckgo/coriandre/coriandre_0040.jpg
coriandre,dataset_aromatic_duckduckgo/coriandre/coriandre_0041.jpg
coriandre,dataset_aromatic_duckduckgo/coriandre/coriandre_0042.jpg
coriandre,dataset_aromatic_duckduckgo/coriandre/coriandre_0043.jpg
coriandre,dataset_aromatic_duckduckgo/coriandre/coriandre_0044.jpg
coriandre,dataset_aromatic_duckduckgo/coriandre/coriandre_0045.jpg
coriandre,dataset_aromatic_duckduckgo/coriandre/coriandre_0047.jpg
coriandre,dataset_aromatic_duckduckgo/coriandre/coriandre_0048.jpg
coriandre,dataset_aromatic_duckduckgo/coriandre/coriandre_0050.jpg
coriandre,dataset_aromatic_duckduckgo/coriandre/coriandre_0051.jpg
coriandre,dataset_aromatic_duckduckgo/coriandre/coriandre_0052.jpg
coriandre,dataset_aromatic_duckduckgo/coriandre/coriandre_0053.jpg
coriandre,dataset_aromatic_duckduckgo/coriandre/coriandre_0054.jpg
coriandre,dataset_aromatic_duckduckgo/coriandre/coriandre_0055.jpg
coriandre,dataset_aromatic_duckduckgo/coriandre/coriandre_0056.jpg
coriandre,dataset_aromatic_duckduckgo/coriandre/coriandre_0057.jpg
coriandre,dataset_aromatic_duckduckgo/coriandre/coriandre_0058.jpg
coriandre,dataset_aromatic_duckduckgo/coriandre/coriandre_0059.jpg
coriandre,dataset_aromatic_duckduckgo/coriandre/coriandre_0060.jpg
coriandre,dataset_aromatic_duckduckgo/coriandre/coriandre_0061.jpg
coriandre,dataset_aromatic_duckduckgo/coriandre/coriandre_0062.jpg
coriandre,dataset_aromatic_duckduckgo/coriandre/coriandre_0063.jpg
coriandre,dataset_aromatic_duckduckgo/coriandre/coriandre_0064.jpg
coriandre,dataset_aromatic_duckduckgo/coriandre/coriandre_0065.jpg
coriandre,dataset_aromatic_duckduckgo/coriandre/coriandre_0066.jpg
coriandre,dataset_aromatic_duckduckgo/coriandre/coriandre_0067.jpg
coriandre,dataset_aromatic_duckduckgo/coriandre/coriandre_0068.jpg
coriandre,dataset_aromatic_duckduckgo/coriandre/coriandre_0069.jpg
coriandre,dataset_aromatic_duckduckgo/coriandre/coriandre_0070.jpg
coriandre,dataset_aromatic_duckduckgo/coriandre/coriandre_0071.jpg
coriandre,dataset_aromatic_duckduckgo/coriandre/coriandre_0072.jpg
coriandre,dataset_aromatic_duckduckgo/coriandre/coriandre_0073.jpg
coriandre,dataset_aromatic_duckduckgo/coriandre/coriandre_0074.jpg
coriandre,dataset_aromatic_duckduckgo/coriandre/coriandre_0075.jpg
coriandre,dataset_aromatic_duckduckgo/coriandre/coriandre_0076.jpg
coriandre,dataset_aromatic_duckduckgo/coriandre/coriandre_0077.jpg
coriandre,dataset_aromatic_duckduckgo/coriandre/coriandre_0078.jpg
coriandre,dataset_aromatic_duckduckgo/coriandre/coriandre_0079.jpg
coriandre,dataset_aromatic_duckduckgo/coriandre/coriandre_0080.jpg
coriandre,dataset_aromatic_duckduckgo/coriandre/coriandre_0081.jpg
coriandre,dataset_aromatic_duckduckgo/coriandre/coriandre_0082.jpg
coriandre,dataset_aromatic_duckduckgo/coriandre/coriandre_0083.jpg
coriandre,dataset_aromatic_duckduckgo/coriandre/coriandre_0084.jpg
coriandre,dataset_aromatic_duckduckgo/coriandre/coriandre_0085.jpg
coriandre,dataset_aromatic_duckduckgo/coriandre/coriandre_0086.jpg
coriandre,dataset_aromatic_duckduckgo/coriandre/coriandre_0087.jpg
coriandre,dataset_aromatic_duckduckgo/coriandre/coriandre_0088.jpg
